precision@1,precision@5,recall@5,mrr,ndcg@5,time,model,retrieve_time_ms
0.14925373134328357,0.07960199004975124,0.15205941939489975,0.19394693200663352,0.1460050441152905,0.06880527942334834,BM25-Plus,68.80527942334834
0.21393034825870647,0.1263681592039801,0.1912376471925305,0.294195688225539,0.2027627233443624,1.8814421826927223,LlamaIndex Dense,1881.4421826927223
0.13,0.08199999999999999,0.194950543020665,0.19933333333333333,0.16319436696325254,2.3247567892074583,Linear Hybrid,2324.7567892074585
0.2,0.11599999999999998,0.24169689797290225,0.279,0.22118609518934257,1.9605838656425476,RRF,1960.5838656425476
0.17,0.102,0.20232962227474421,0.25116666666666665,0.18234180343697456,1.9678505158424378,Cascade,1967.8505158424377
0.14,0.09,0.17385415329927523,0.21416666666666667,0.1560923598788396,1.7952908635139466,Query Router,1795.2908635139465
0.18,0.09399999999999999,0.18936623843636038,0.23316666666666666,0.18157643203462673,1.948827130794525,Ensemble Voting,1948.8271307945251
